{"cameraMode":{"drawMode":0,"name":"Shaded","section":"Shading Mode"},"sceneLighting":true,"audioPlay":false,"sceneViewState":{"m_AlwaysRefresh":false,"showFog":true,"showSkybox":true,"showFlares":true,"showImageEffects":true,"showParticleSystems":true,"showVisualEffectGraphs":true,"m_FxEnabled":false},"in2DMode":false,"pivot":{"x":-5.412006378173828,"y":3.7284698486328127,"z":-7.137207984924316},"rotation":{"x":0.053960517048835757,"y":0.022465024143457414,"z":-0.0012142908526584507,"w":0.998293399810791},"size":5.568075656890869,"orthographic":true}