{"cameraMode":{"drawMode":0,"name":"Shaded","section":"Shading Mode"},"sceneLighting":false,"audioPlay":false,"sceneViewState":{"m_AlwaysRefresh":false,"showFog":true,"showSkybox":false,"showFlares":true,"showImageEffects":true,"showParticleSystems":true,"showVisualEffectGraphs":true,"m_FxEnabled":false},"in2DMode":false,"pivot":{"x":-1.2575432062149048,"y":0.8305206298828125,"z":2.384185791015625e-7},"rotation":{"x":0.029990630224347116,"y":0.01799124851822853,"z":-0.0005414750776253641,"w":0.9993849396705627},"size":4.244143009185791,"orthographic":false}