{"cameraMode":{"drawMode":0,"name":"Shaded","section":"Shading Mode"},"sceneLighting":false,"audioPlay":false,"sceneViewState":{"m_AlwaysRefresh":false,"showFog":true,"showSkybox":false,"showFlares":true,"showImageEffects":true,"showParticleSystems":true,"showVisualEffectGraphs":true,"m_FxEnabled":false},"in2DMode":false,"pivot":{"x":0.16242921352386475,"y":2.7373275756835939,"z":0.011410892009735108},"rotation":{"x":0.029990630224347116,"y":0.01799124851822853,"z":-0.0005414750776253641,"w":0.9993849396705627},"size":0.13425785303115846,"orthographic":false}