{"cameraMode":{"drawMode":0,"name":"Shaded","section":"Shading Mode"},"sceneLighting":false,"audioPlay":false,"sceneViewState":{"m_AlwaysRefresh":false,"showFog":true,"showSkybox":false,"showFlares":true,"showImageEffects":true,"showParticleSystems":true,"showVisualEffectGraphs":true,"m_FxEnabled":false},"in2DMode":false,"pivot":{"x":-2.3441545963287355,"y":0.056509971618652347,"z":-1.7927780151367188},"rotation":{"x":0.047372836619615558,"y":-0.017977414652705194,"z":0.0008552098297514021,"w":0.9987195134162903},"size":7.6344170570373539,"orthographic":false}