{"cameraMode":{"drawMode":0,"name":"Shaded","section":"Shading Mode"},"sceneLighting":false,"audioPlay":false,"sceneViewState":{"m_AlwaysRefresh":false,"showFog":true,"showSkybox":false,"showFlares":true,"showImageEffects":true,"showParticleSystems":true,"showVisualEffectGraphs":true,"m_FxEnabled":false},"in2DMode":false,"pivot":{"x":-3.930669069290161,"y":0.08232638984918595,"z":1.9134043455123902},"rotation":{"x":0.5115366578102112,"y":0.009020166471600533,"z":-0.005369842983782291,"w":0.8592073917388916},"size":1.9872338771820069,"orthographic":false}