{"cameraMode":{"drawMode":0,"name":"Shaded","section":"Shading Mode"},"sceneLighting":false,"audioPlay":false,"sceneViewState":{"m_AlwaysRefresh":false,"showFog":true,"showSkybox":false,"showFlares":true,"showImageEffects":true,"showParticleSystems":true,"showVisualEffectGraphs":true,"m_FxEnabled":false},"in2DMode":false,"pivot":{"x":0.057111091911792758,"y":0.009181718342006207,"z":0.03866037726402283},"rotation":{"x":0.013078073039650917,"y":-0.24786712229251862,"z":0.0033470827620476486,"w":0.968707263469696},"size":4.517645835876465,"orthographic":false}