{"cameraMode":{"drawMode":0,"name":"Shaded","section":"Shading Mode"},"sceneLighting":false,"audioPlay":false,"sceneViewState":{"m_AlwaysRefresh":false,"showFog":true,"showSkybox":false,"showFlares":true,"showImageEffects":true,"showParticleSystems":true,"showVisualEffectGraphs":true,"m_FxEnabled":false},"in2DMode":false,"pivot":{"x":0.09675979614257813,"y":2.608664035797119,"z":0.009146928787231446},"rotation":{"x":0.029990630224347116,"y":0.01799124851822853,"z":-0.0005414750776253641,"w":0.9993849396705627},"size":4.411975860595703,"orthographic":false}