{"cameraMode":{"drawMode":0,"name":"Shaded","section":"Shading Mode"},"sceneLighting":false,"audioPlay":false,"sceneViewState":{"m_AlwaysRefresh":false,"showFog":true,"showSkybox":false,"showFlares":true,"showImageEffects":true,"showParticleSystems":true,"showVisualEffectGraphs":true,"m_FxEnabled":false},"in2DMode":false,"pivot":{"x":-5.838991165161133,"y":1.0674757957458497,"z":1.8767566680908204},"rotation":{"x":0.2420559823513031,"y":0.011640805751085282,"z":-0.0029036803171038629,"w":0.9701995253562927},"size":3.6106956005096437,"orthographic":false}