{"cameraMode":{"drawMode":0,"name":"Shaded","section":"Shading Mode"},"sceneLighting":false,"audioPlay":false,"sceneViewState":{"m_AlwaysRefresh":false,"showFog":true,"showSkybox":false,"showFlares":true,"showImageEffects":true,"showParticleSystems":true,"showVisualEffectGraphs":true,"m_FxEnabled":false},"in2DMode":false,"pivot":{"x":0.019723176956176759,"y":0.6974735260009766,"z":-0.07024574279785156},"rotation":{"x":-0.04825900122523308,"y":-0.11510734260082245,"z":-0.005598950665444136,"w":0.9921641945838928},"size":7.548712730407715,"orthographic":false}