{"cameraMode":{"drawMode":0,"name":"Shaded","section":"Shading Mode"},"sceneLighting":false,"audioPlay":false,"sceneViewState":{"m_AlwaysRefresh":false,"showFog":true,"showSkybox":false,"showFlares":true,"showImageEffects":true,"showParticleSystems":true,"showVisualEffectGraphs":true,"m_FxEnabled":false},"in2DMode":false,"pivot":{"x":1.8364653587341309,"y":3.123075246810913,"z":8.15280818939209},"rotation":{"x":-0.0014982724096626044,"y":0.004499142523854971,"z":0.000013631006368086673,"w":1.0000402927398682},"size":2.661669969558716,"orthographic":false}