{"cameraMode":{"drawMode":0,"name":"Shaded","section":"Shading Mode"},"sceneLighting":false,"audioPlay":false,"sceneViewState":{"m_AlwaysRefresh":false,"showFog":true,"showSkybox":false,"showFlares":true,"showImageEffects":true,"showParticleSystems":true,"showVisualEffectGraphs":true,"m_FxEnabled":false},"in2DMode":false,"pivot":{"x":-3.079230308532715,"y":-0.12124919891357422,"z":0.6961278915405273},"rotation":{"x":0.5405968427658081,"y":0.08547573536634445,"z":-0.05533206835389137,"w":0.8351117968559265},"size":2.4257006645202638,"orthographic":false}